{
    "_20231017T144149": [
        {
            "local" : {"scale":[4.505766868591309, 3.0380802154541016, 0.00009999999747378752], "position": [ [0.9378055334091187, 0, 0.3471609652042389, 0], [0, 1, 0, 0], [-0.3471609652042389, 0, 0.9378055334091187, 0], [3.018605947494507, 0.18191944062709808, -4.782901763916016, 1] ]},
            "global" : {"scale":[4.442831516265869, 2.9977312088012695, 0.00009999999747378752], "position": [ [0.9924401044845581, 0, 0.1227298229932785, 0], [0, 1, 0, 0], [-0.1227298229932785, 0, 0.9924400448799133, 0], [0.8831036686897278, 0.19110789895057678, -5.614522457122803, 1] ]}
        },
        {
            "local" : {"scale":[1.6347079277038574, 0.8150268793106079, 0.8580964803695679], "position": [ [0.34716108441352844, 0, -0.9378055334091187, 0], [0, 1, 0, 0], [0.9378055334091187, 0, 0.34716108441352844, 0], [-0.3799191415309906, -0.9296073317527771, -0.8558475971221924, 1] ]},
            "global" : {"scale":[1.7609617710113525, 0.7745938301086426, 0.8724092245101929], "position": [ [0.12272985279560089, 0, -0.9924401044845581, 0], [0, 0.9999998807907104, 0, 0], [0.9924400448799133, 0, 0.1227298378944397, 0], [-1.492469310760498, -0.9204607009887695, -0.9506043195724487, 1] ]}
        },
        {
            "local" : {"scale":[7.663318634033203, 3.0380802154541016, 0.00009999999747378752], "position": [ [-0.34716111421585083, 0, 0.9378054738044739, 0], [0, 1, 0, 0], [-0.9378054738044739, 0, -0.3471611440181732, 0], [5.3328070640563965, 0.18191944062709808, 0.18228475749492645, 1] ]},
            "global" : {"scale":[7.948239803314209, 2.9977312088012695, 0.00009999999747378752], "position": [ [-0.12272995710372925, 0, 0.9924401044845581, 0], [0, 1, 0, 0], [-0.9924401044845581, 0, -0.12272994965314865, 0], [4.35491418838501, 0.19110789895057678, -1.3595656156539917, 1] ]}
        }
    ],
    "_20231025T160223" : [
        {
            "local" : {"scale":[3.263309955596924, 2.4588518142700195, 0.00009999999747378752], "position": [ [-0.9863613843917847, 0, -0.16459351778030396, 0], [0, 0.9999999403953552, 0, 0], [0.16459351778030396, 0, -0.9863613843917847, 0], [-2.3648879528045654, -0.12742990255355835, 0.4883255064487457, 0.9999999403953552] ]},
            "global" : {"scale":[3.5162973403930664, 2.9977312088012695, 0.00009999999747378752], "position": [ [-0.12272991240024567, 0, 0.9924401044845581, 0], [0, 1, 0, 0], [-0.9924401640892029, 0, -0.12272991240024567, 0], [-3.6521761417388916, 0.19110789895057678, 3.426175117492676, 1] ]}
        },
        {
            "local" : {"scale":[3.1911048889160156, 2.4588518142700195, 0.00009999999747378752], "position": [ [0.986361563205719, 0, 0.16459359228610992, 0], [0, 0.9999999403953552, 0, 0], [-0.16459359228610992, 0, 0.9863615036010742, 0], [-2.144113302230835, -0.12742990255355835, -0.9292824864387512, 0.9999999403953552] ]},
            "global" : {"scale":[3.331387519836426, 2.9977312088012695, 0.00009999999747378752], "position": [ [0.12273004651069641, 0, -0.9924401640892029, 0], [0, 1, 0, 0], [0.9924401640892029, 0, 0.12273005396127701, 0], [-5.058443546295166, 0.19110789895057678, 3.263655662536621, 1] ]}
        },
        {
            "local" : {"scale":[3.8557069301605225, 2.4588518142700195, 0.00009999999747378752], "position": [ [-0.16459353268146515, 0, 0.9863614439964294, 0], [0, 0.9999999403953552, 0, 0], [-0.9863615036010742, 0, -0.16459353268146515, 0], [0.8512342572212219, -0.12742990255355835, 0.25968992710113525, 0.9999999403953552] ]},
            "global" : {"scale":[3.883967638015747, 2.9977312088012695, 0.00009999999747378752], "position": [ [0.9924402236938477, 0, 0.12272953242063522, 0], [0, 1, 0, 0], [-0.12272952497005463, 0, 0.9924402236938477, 0], [-4.031907081604004, 0.19110789895057678, 0.2068278044462204, 1] ]}
        }
    ]
}